Workbook

Sheet Summary
A1: Preliminary AI-FMEA Candidate Report
A2: Trial | B2: TRIAL-01 | D2: Total candidates | E2: =COUNTA('FMEA Candidates'!$A$2:$A$1048576) -> 29
A4: Human review required. This workbook contains AI-generated candidates for a fictional system. It does not approve an FMEA, verify safety, demonstrate compliance, assign SIL/PL, or provide acceptance evidence.
A6: AI classification | D6: Confidence
A7: Classification | B7: Count | D7: Confidence | E7: Count
A8: Safe | B8: =COUNTIF('FMEA Candidates'!$M$2:$M$30,A8) -> 8 | D8: High | E8: =COUNTIF('FMEA Candidates'!$J$2:$J$30,D8) -> 12
A9: Degraded | B9: =COUNTIF('FMEA Candidates'!$M$2:$M$30,A9) -> 4 | D9: Medium | E9: =COUNTIF('FMEA Candidates'!$J$2:$J$30,D9) -> 14
A10: Dangerous | B10: =COUNTIF('FMEA Candidates'!$M$2:$M$30,A10) -> 6 | D10: Low | E10: =COUNTIF('FMEA Candidates'!$J$2:$J$30,D10) -> 3
A11: Dangerous latent | B11: =COUNTIF('FMEA Candidates'!$M$2:$M$30,A11) -> 6
A12: Uncertain | B12: =COUNTIF('FMEA Candidates'!$M$2:$M$30,A12) -> 5
A15: Human review status | D15: Workflow
A16: Disposition | B16: Count | D16: 1. Review each causal chain. 2. Apply the approved S/O/D criteria. 3. Enter S, O and D; RPN calculates automatically. 4. Record disposition, corrections and notes. 5. Do not use AI output as acceptance evidence.
A17: Not reviewed | B17: =COUNTIF('FMEA Candidates'!$R$2:$R$30,A17) -> 0
A18: Accept for comparison | B18: =COUNTIF('FMEA Candidates'!$R$2:$R$30,A18) -> 26
A19: Correct | B19: =COUNTIF('FMEA Candidates'!$R$2:$R$30,A19) -> 2
A20: Reject | B20: =COUNTIF('FMEA Candidates'!$R$2:$R$30,A20) -> 1

Sheet Rating Criteria
A1: Illustrative Human Rating Criteria
A3: Draft portfolio scale only. Replace these qualitative descriptions with the organization-approved FMEA method before real use. AI must not assign the scores. No RPN acceptance threshold is defined.
A5: Score | B5: Severity (S) | C5: Occurrence (O) | D5: Detectability (D)
A6: 1 | B6: No credible safety-relevant consequence within the boundary. | C6: Remote or exceptional within the defined use. | D6: Almost certain to detect before the demand or effect.
A7: 2 | B7: Negligible effect; safety function remains unaffected. | C7: Very low occurrence category. | D7: Very high likelihood of detection before the demand or effect.
A8: 3 | B8: Minor functional degradation with no identified hazardous consequence. | C8: Low occurrence category. | D8: High likelihood of detection before the demand or effect.
A9: 4 | B9: Noticeable degradation; the defined safe state is still expected. | C9: Moderately low occurrence category. | D9: Moderately high likelihood of detection.
A10: 5 | B10: Significant degradation with reduced safety margin. | C10: Occasional occurrence category. | D10: Moderate likelihood of detection.
A11: 6 | B11: Serious degradation; safety may depend on a remaining independent path. | C11: Moderately high occurrence category. | D11: Moderately low likelihood of detection.
A12: 7 | B12: Major loss of the safety function with possible hazardous exposure. | C12: High occurrence category. | D12: Low likelihood of detection.
A13: 8 | B13: Severe loss of control with a credible hazardous consequence. | C13: Very high occurrence category. | D13: Very low likelihood of detection.
A14: 9 | B14: Very severe credible consequence within the defined boundary. | C14: Frequent occurrence category. | D14: Remote likelihood of detection.
A15: 10 | B15: Most severe credible consequence in the approved assessment method. | C15: Most frequent or likely category in the approved assessment method. | D15: No known effective detection before the demand or effect.
A17: RPN = Severity x Occurrence x Detectability. A higher detectability score means the failure is harder to detect. RPN is a prioritization aid only; it is not a safety acceptance decision.

Sheet FMEA Candidates
A1: Candidate ID | B1: Element ID | C1: Failure mode | D1: Local effect | E1: System effect | F1: Potential hazardous consequence | G1: Detection mechanism | H1: Recommended action | I1: Evidence references | J1: Confidence | K1: Assumptions | L1: Missing information | M1: AI classification | N1: Severity (S) | O1: Occurrence (O) | P1: Detectability (D) | Q1: RPN | R1: Human disposition | S1: Score category | T1: Reviewer corrections | U1: Reviewer notes
A2: AI-001 | B2: ESTOP-01 | C2: One positively-opening NC contact fails to open when ESTOP-01 is pressed, leaving either CH-A or CH-B in the healthy/on state. | D2: One demand channel changes to demand/off and the other remains healthy/on. | E2: CTRL-01 should recognize the demand from the channel that opened, de-energize Q1/Q2 and achieve the safe state; the channel discrepancy remains as a degraded fault and reset should be inhibited. | F2: No immediate hazardous consequence is expected for this single fault if the remaining channel and both de-energization paths operate; the loss of one input channel reduces fault tolerance for a later fault. | G2: CH-A/CH-B discrepancy monitoring on the demand and the blocked reset required by SR-003 and SR-004. | H2: Inject the fault separately on each contact, confirm Q1/Q2 de-energization, record the discrepancy time and verify that reset remains blocked until the fault is cleared. | I2: ESTOP-01; CH-A; CH-B; CTRL-01; SF-01; A-003; A-004; SR-001; SR-003; SR-004 | J2: High | K2: The unaffected E-stop contact and its input path operate as specified. | L2: ESTOP-01 contact failure data and the implemented CTRL-01 discrepancy logic are not supplied. | M2: Degraded | N2: 4 | O2: 4 | P2: 5 | Q2: =IF(COUNT(N2:P2)=3,N2*O2*P2,"") -> 80 | R2: Accept for comparison | S2: Reference match | T2: No correction required. | U2: Causal chain is reasonable within the supplied assumptions.
A3: AI-002 | B3: ESTOP-01 | C3: A common mechanical failure of ESTOP-01 prevents both positively-opening NC contacts from opening when the pushbutton is pressed. | D3: CH-A and CH-B both remain healthy/on despite the E-stop demand. | E3: CTRL-01 receives no demanded-state input, so Q1/Q2 and K1/K2 can remain energized/closed and SF-01 is lost. | F3: Power enabling hazardous robot motion can remain present while a person relies on ESTOP-01 to stop the motion. | G3: No in-system detection mechanism for simultaneous stuck-healthy channels is identified in the supplied evidence; a two-channel demand test could reveal the failure. | H3: Include a controlled common-mechanism demand test and obtain the pushbutton construction and validation evidence needed to assess this failure. | I3: ESTOP-01; CH-A; CH-B; CTRL-01; SF-01; A-003; SR-002; SR-012 | J3: Medium | K3: A physically credible common mechanism can prevent both assumed positively-opening contacts from changing state. | L3: ESTOP-01 mechanical design, installation details and common-cause evidence are not supplied. | M3: Dangerous | N3: 9 | O3: 2 | P3: 9 | Q3: =IF(COUNT(N3:P3)=3,N3*O3*P3,"") -> 162 | R3: Accept for comparison | S3: Reference match | T3: No correction required. | U3: Causal chain is reasonable within the supplied assumptions.
A4: AI-003 | B4: ESTOP-01 | C4: One NC contact opens without an E-stop demand. | D4: Either CH-A or CH-B changes to demand/off while the other channel remains healthy/on. | E4: CTRL-01 should treat the single-channel change as a demand, de-energize Q1/Q2, open K1/K2 and inhibit reset because of the discrepancy. | F4: The defined safe state is reached; the supplied boundary supports an unintended stop and loss of availability, not continued hazardous motion. | G4: Demand-state recognition, CH-A/CH-B discrepancy monitoring and reset inhibition. | H4: Perform a no-demand single-contact opening test and verify safe-state entry, diagnostic-state labeling and blocked reset. | I4: ESTOP-01; CH-A; CH-B; CTRL-01; SF-01; A-003; A-004; SR-003; SR-011 | J4: High | K4: None stated | L4: Consequences of an unintended robot stop outside the defined boundary are unknown. | M4: Safe | N4: 3 | O4: 2 | P4: 1 | Q4: =IF(COUNT(N4:P4)=3,N4*O4*P4,"") -> 6 | R4: Accept for comparison | S4: Valid additional | T4: No correction required. | U4: Causal chain is reasonable within the supplied assumptions.
A5: AI-004 | B5: CH-A | C5: An open circuit occurs in one E-stop input-channel wire. | D5: The affected NC input changes from healthy/on to demand/off independently of ESTOP-01 actuation. | E5: CTRL-01 should de-energize Q1/Q2, achieve the safe state, log a discrepancy and inhibit reset until the wiring fault is cleared. | F5: The defined safe state is reached; the immediate effect is an unintended stop rather than loss of SF-01. | G5: Single-channel demand recognition plus the open-circuit/discrepancy monitoring required by SR-003 and SR-004. | H5: Open each field wire individually and verify safe-state entry, diagnostic indication and reset inhibition. | I5: CH-A; CH-B; CTRL-01; SF-01; A-004; SR-003; SR-004 | J5: High | K5: The 24 V NC input changes to demand/off when its field wire is opened. | L5: Input circuit topology and actual open-circuit diagnostic implementation are not supplied. | M5: Safe | N5: 2 | O5: 3 | P5: 1 | Q5: =IF(COUNT(N5:P5)=3,N5*O5*P5,"") -> 6 | R5: Accept for comparison | S5: Reference match | T5: No correction required. | U5: Causal chain is reasonable within the supplied assumptions.
A6: AI-005 | B6: CH-A | C6: One E-stop input-channel wire is shorted to 24 V and remains healthy/on when its ESTOP-01 contact opens. | D6: The affected channel is stuck healthy while the other channel changes to demand/off. | E6: The unaffected channel should still cause Q1/Q2 to de-energize; the stuck-healthy channel creates a discrepancy that should be detected no later than the demand and should block reset. | F6: No immediate hazardous consequence is expected for this single fault if the unaffected input channel and output paths operate; input redundancy is degraded. | G6: CH-A/CH-B discrepancy monitoring and the fault-injection behavior required by SR-003 and SR-004. | H6: Apply a controlled short-to-24 V separately to each channel, demand the E-stop and verify safe-state entry, fault detection and blocked reset. | I6: CH-A; CH-B; CTRL-01; SF-01; A-004; SR-003; SR-004 | J6: High | K6: The other input channel remains electrically independent and reaches demand/off. | L6: Input test-pulse arrangement, thresholds and diagnostic timing are not supplied. | M6: Degraded | N6: 6 | O6: 4 | P6: 5 | Q6: =IF(COUNT(N6:P6)=3,N6*O6*P6,"") -> 120 | R6: Accept for comparison | S6: Reference match | T6: No correction required. | U6: Causal chain is reasonable within the supplied assumptions.
A7: AI-006 | B7: CH-A | C7: A common field-wiring fault holds both CH-A and CH-B at 24 V during an E-stop demand. | D7: Both controller inputs remain healthy/on although both ESTOP-01 contacts have opened. | E7: CTRL-01 receives no demand, Q1/Q2 remain energized and K1/K2 remain closed, causing complete loss of SF-01. | F7: Power enabling hazardous robot motion can remain present during the E-stop demand. | G7: No effective detection is established by the supplied evidence when both inputs remain mutually consistent in the healthy/on state; a common-fault injection test could expose it. | H7: Review the actual input schematic and routing for credible common 24 V connections, then include the applicable common-fault injection in the fault matrix. | I7: CH-A; CH-B; CTRL-01; SF-01; A-003; A-004; SR-002; SR-004; SR-012 | J7: Medium | K7: A common 24 V source can reach both input lines downstream of the E-stop contacts. | L7: The field-wiring schematic, segregation and input diagnostic circuitry are not supplied. | M7: Dangerous | N7: 9 | O7: 4 | P7: 9 | Q7: =IF(COUNT(N7:P7)=3,N7*O7*P7,"") -> 324 | R7: Accept for comparison | S7: Reference match | T7: No correction required. | U7: Causal chain is reasonable within the supplied assumptions.
A8: AI-007 | B8: CH-A | C8: A cross-fault electrically couples CH-A and CH-B without independently forcing either channel to demand/off. | D8: The two channels can change together and a single contact or wiring fault can be masked as a mutually consistent state. | E8: A normal two-contact E-stop demand may still de-energize Q1/Q2, but channel independence and discrepancy detection are degraded; whether the cross-fault can prevent a demand cannot be determined from the signal-level architecture. | F8: The fault can remain latent and combine with another input fault to prevent recognition of an E-stop demand; the direct consequence of the cross-fault alone is architecture-dependent. | G8: CH-B has a stated cross-fault diagnostic expectation, but no implemented mechanism is supplied. | H8: Obtain the input schematic and controller configuration, then test each credible CH-A-to-CH-B coupling against the expected diagnostic response. | I8: CH-A; CH-B; CTRL-01; A-004; SR-002; SR-004 | J8: Low | K8: The coupling can reduce independence without itself creating a clear demand/off state. | L8: Input test pulses, source impedances, wiring topology and cross-fault detection coverage are not supplied. | M8: Dangerous latent | N8: 7 | O8: 3 | P8: 8 | Q8: =IF(COUNT(N8:P8)=3,N8*O8*P8,"") -> 168 | R8: Reject | S8: Duplicate | T8: Merge with AI-006; do not count as an additional distinct failure mechanism. | U8: Same common input-channel coupling or bypass mechanism is already covered by AI-006.
A9: AI-008 | B9: CTRL-01 | C9: A CTRL-01 input-processing failure fails to recognize demanded-state changes on both CH-A and CH-B. | D9: The physical inputs reach demand/off but the controller logic retains a healthy input state. | E9: Q1/Q2 remain energized, K1/K2 remain closed and SF-01 is lost. | F9: Power enabling hazardous robot motion can remain present after ESTOP-01 is pressed. | G9: No independent in-system detection of this common controller failure is identified; a two-channel fault-injection or demand test could reveal it. | H9: Obtain CTRL-01 safety behavior and configuration evidence and execute a demand test that traces physical inputs, interpreted states, outputs and contactor states. | I9: CTRL-01; CH-A; CH-B; Q1; Q2; SF-01; A-004; A-005; SR-001; SR-002; SR-012 | J9: Medium | K9: The input-processing failure can affect both monitored channels as a common controller failure. | L9: CTRL-01 internal hardware, firmware, diagnostic coverage and configuration are explicitly outside the available black-box detail. | M9: Dangerous | N9: 9 | O9: 2 | P9: 8 | Q9: =IF(COUNT(N9:P9)=3,N9*O9*P9,"") -> 144 | R9: Accept for comparison | S9: Valid additional | T9: No correction required. | U9: Causal chain is reasonable within the supplied assumptions.
A10: AI-009 | B10: CTRL-01 | C10: CTRL-01 is configured to require both channels to indicate demand instead of responding to either channel. | D10: A single-channel demand/off state is treated only as a discrepancy and not as an E-stop demand. | E10: With one channel stuck healthy, Q1/Q2 can remain energized instead of entering the safe state, contrary to SF-01 and SR-001. | F10: A coincident single-channel failure and E-stop demand can leave power enabling hazardous robot motion present. | G10: Design/configuration review and separate CH-A-only and CH-B-only demand tests. | H10: Verify the controller configuration against the either-channel behavior and retain separate timestamped traces for CH-A-only and CH-B-only demands. | I10: CTRL-01; CH-A; CH-B; SF-01; A-004; SR-001; SR-002; SR-003 | J10: Medium | K10: CTRL-01 behavior is configurable and can be set to an incorrect channel-evaluation rule. | L10: The actual CTRL-01 application configuration and configuration-control evidence are not supplied. | M10: Dangerous latent | N10: 7 | O10: 3 | P10: 5 | Q10: =IF(COUNT(N10:P10)=3,N10*O10*P10,"") -> 105 | R10: Accept for comparison | S10: Reference match | T10: No correction required. | U10: Causal chain is reasonable within the supplied assumptions.
A11: AI-010 | B11: CTRL-01 | C11: A common CTRL-01 control failure leaves both Q1 and Q2 commanded energized after a correctly recognized E-stop demand. | D11: The controller recognizes CH-A/CH-B demand but does not issue the required de-energizing commands. | E11: K1 and K2 remain energized/closed and SF-01 is lost. | F11: Power enabling hazardous robot motion can remain present after ESTOP-01 is pressed. | G11: A demand test comparing input-state timestamps with Q1/Q2 and K1/K2 traces; no independent runtime detector for the common output-command failure is specified. | H11: Fault-inject the controller command path at the black-box boundary and verify that common failures affecting both outputs are represented in the fault matrix. | I11: CTRL-01; Q1; Q2; K1; K2; SF-01; A-005; A-006; SR-001; SR-005; SR-012 | J11: Medium | K11: A common controller failure can affect both output commands. | L11: CTRL-01 internal architecture and any independent output shutdown mechanism are not supplied. | M11: Dangerous | N11: 9 | O11: 3 | P11: 8 | Q11: =IF(COUNT(N11:P11)=3,N11*O11*P11,"") -> 216 | R11: Accept for comparison | S11: Valid additional | T11: No correction required. | U11: Causal chain is reasonable within the supplied assumptions.
A12: AI-011 | B12: CTRL-01 | C12: CTRL-01 de-energizes Q1/Q2 later than the illustrative 100 ms target after an E-stop demand. | D12: The output commands remain energized beyond the stated target interval before changing to de-energized. | E12: SF-01 is achieved late; K1/K2 opening and drive-power removal are delayed by at least the controller-output delay plus unprovided contactor dynamics. | F12: Hazardous robot motion can continue longer than intended, but the safety significance cannot be decided because the 100 ms output target and 500 ms motion-cessation target are illustrative rather than validated machine limits. | G12: Timestamped CH-A and CH-B demand-to-Q1/Q2 traces required by SR-001. | H12: Measure demand-to-output and output-to-contactor timing separately and replace the illustrative target with a validated machine-specific limit before acceptance use. | I12: CTRL-01; Q1; Q2; K1; K2; SF-01; SR-001; A-010 | J12: High | K12: A-010 is the basis for the illustrative 100 ms target as stated in the SR-001 note. | L12: Validated stopping-time limit, contactor operating times, evidence against the illustrative 500 ms motion-cessation target and timing test results are not supplied. | M12: Uncertain | N12: 7 | O12: 3 | P12: 5 | Q12: =IF(COUNT(N12:P12)=3,N12*O12*P12,"") -> 105 | R12: Accept for comparison | S12: Valid additional | T12: No correction required. | U12: Causal chain is reasonable within the supplied assumptions.
A13: AI-012 | B13: CTRL-01 | C13: Channel-discrepancy monitoring is disabled or configured with a limit exceeding the illustrative 100 ms value. | D13: An asynchronous or stuck-healthy input channel is not diagnosed within the stated interval. | E13: A demand from the other channel should still reach the safe state, but the degraded input condition can remain latent and reset may not be inhibited as required. | F13: No immediate hazardous consequence is expected while the remaining input channel works; an undetected loss of input independence can combine with a later fault to prevent E-stop recognition. | G13: Negative discrepancy simulation and verification of the fault log and blocked-reset response required by SR-003. | H13: Review and lock the discrepancy configuration, then test values just below and above the stated limit and retain the results. | I13: CTRL-01; CH-A; CH-B; A-004; SR-003; SR-004 | J13: Medium | K13: The discrepancy behavior and time limit are configurable in CTRL-01. | L13: Actual discrepancy configuration, its relationship to A-010 and validation of the 100 ms value are not supplied. | M13: Dangerous latent | N13: 6 | O13: 3 | P13: 5 | Q13: =IF(COUNT(N13:P13)=3,N13*O13*P13,"") -> 90 | R13: Accept for comparison | S13: Reference match | T13: No correction required. | U13: Causal chain is reasonable within the supplied assumptions.
... A30: AI-029 | B30: SUP-01 | C30: SUP-01 is intermittent or at an intermediate voltage that does not produce the complete de-energization assumed for a total power loss. | D30: CTRL-01 and the two contactor coils may not change state together or predictably. | E30: The evidence is insufficient to determine whether both contactors open, whether one path remains energized or how CTRL-01 initializes after recovery. | F30: A hazardous consequence is possible only if the supply condition keeps both power paths closed or causes uncommanded re-energization; this cannot be determined from the supplied evidence. | G30: No voltage threshold, brownout diagnostic or intermediate-voltage behavior is specified; controlled power-profile testing could determine the response. | H30: Obtain permitted voltage ranges and dropout/reset characteristics for CTRL-01, K1 and K2, then test representative controlled voltage interruptions without treating AI output as evidence. | I30: SUP-01; CTRL-01; K1; K2; A-009; SR-009; SR-012 | J30: Low | K30: SUP-01 can experience a non-ideal interruption rather than a clean loss and restoration. | L30: Supply characteristics, load behavior, controller brownout thresholds, contactor dropout thresholds and test results are not supplied. | M30: Uncertain | N30: 7 | O30: 4 | P30: 8 | Q30: =IF(COUNT(N30:P30)=3,N30*O30*P30,"") -> 224 | R30: Accept for comparison | S30: Valid additional | T30: No correction required. | U30: Causal chain is reasonable within the supplied assumptions.
